{
    "openapi": "3.0.2",
    "info": {
        "title": "Client API",
        "description": "API for Client management",
        "version": "1.0.0"
    },
    "servers": [
        {
            "url": "http://localhost:8000"
        }
    ],
    "paths": {
        "/api/clients": {
            "post": {
                "description": "Create a new client",
                "parameters": [
                    {
                        "name": "Authorization",
                        "in": "header",
                        "schema": {
                            "type": "string"
                        }
                    }
                ],
                "requestBody": {
                    "description": "Create a new client",
                    "content": {
                        "application/json": {
                            "schema": {
                                "type": "object",
                                "required": ["name", "email", "phone"],
                                "properties": {
                                    "name": {
                                        "type": "string"
                                    },
                                    "email": {
                                        "type": "string"
                                    },
                                    "phone": {
                                        "type": "string"
                                    }
                                }
                            }
                        }
                    }
                },
                "responses": {
                    "201": {
                        "description": "Successfully created a new client",
                        "content": {
                            "application/json": {
                                "schema": {
                                    "type": "object",
                                    "properties": {
                                        "data": {
                                            "type": "object",
                                            "properties": {
                                                "id": {
                                                    "type": "integer"
                                                },
                                                "name": {
                                                    "type": "string"
                                                },
                                                "email": {
                                                    "type": "string"
                                                },
                                                "phone": {
                                                    "type": "string"
                                                }
                                            }
                                        },
                                        "errors": {
                                            "type": "object"
                                        }
                                    }
                                }
                            }
                        }
                    },
                    "500": {
                        "description": "Internal server error",
                        "content": {
                            "application/json": {
                                "schema": {
                                    "type": "object",
                                    "properties": {
                                        "errors": {
                                            "type": "object",
                                            "properties": {
                                                "message": {
                                                    "type": "string"
                                                }
                                            }
                                        }
                                    }
                                }
                            }
                        }
                    }
                }
            },
            "get": {
                "description": "Search clients",
                "parameters": [
                    {
                        "name": "Authorization",
                        "in": "header",
                        "schema": {
                            "type": "string"
                        }
                    },
                    {
                        "name": "name",
                        "in": "query",
                        "schema": {
                            "type": "string"
                        }
                    },
                    {
                        "name": "email",
                        "in": "query",
                        "schema": {
                            "type": "string"
                        }
                    },
                    {
                        "name": "phone",
                        "in": "query",
                        "schema": {
                            "type": "string"
                        }
                    },
                    {
                        "name": "size",
                        "in": "query",
                        "schema": {
                            "type": "integer"
                        }
                    },
                    {
                        "name": "page",
                        "in": "query",
                        "schema": {
                            "type": "integer"
                        }
                    }
                ],
                "responses": {
                    "200": {
                        "description": "Successfully searched clients",
                        "content": {
                            "application/json": {
                                "schema": {
                                    "type": "object",
                                    "properties": {
                                        "data": {
                                            "type": "array",
                                            "items": {
                                                "type": "object",
                                                "properties": {
                                                    "id": {
                                                        "type": "integer"
                                                    },
                                                    "name": {
                                                        "type": "string"
                                                    },
                                                    "email": {
                                                        "type": "string"
                                                    },
                                                    "phone": {
                                                        "type": "string"
                                                    }
                                                }
                                            }
                                        },
                                        "meta": {
                                            "type": "object",
                                            "properties": {
                                                "total": {
                                                    "type": "integer"
                                                },
                                                "size": {
                                                    "type": "integer"
                                                },
                                                "page": {
                                                    "type": "integer"
                                                }
                                            }
                                        },
                                        "errors": {
                                            "type": "object"
                                        }
                                    }
                                }
                            }
                        }
                    },
                    "500": {
                        "description": "Internal server error",
                        "content": {
                            "application/json": {
                                "schema": {
                                    "type": "object",
                                    "properties": {
                                        "errors": {
                                            "type": "object",
                                            "properties": {
                                                "message": {
                                                    "type": "string"
                                                }
                                            }
                                        }
                                    }
                                }
                            }
                        }
                    }
                }
            }
        },
        "/api/clients/{id}": {
            "get": {
                "description": "Get a client by id",
                "parameters": [
                    {
                        "name": "Authorization",
                        "in": "header",
                        "schema": {
                            "type": "string"
                        }
                    },
                    {
                        "name": "id",
                        "in": "path",
                        "required": true,
                        "schema": {
                            "type": "integer"
                        }
                    }
                ],
                "responses": {
                    "200": {
                        "description": "Successfully get a client by id",
                        "content": {
                            "application/json": {
                                "schema": {
                                    "type": "object",
                                    "properties": {
                                        "data": {
                                            "type": "object",
                                            "properties": {
                                                "id": {
                                                    "type": "integer"
                                                },
                                                "name": {
                                                    "type": "string"
                                                },
                                                "email": {
                                                    "type": "string"
                                                },
                                                "phone": {
                                                    "type": "string"
                                                }
                                            }
                                        },
                                        "errors": {
                                            "type": "object"
                                        }
                                    }
                                }
                            }
                        }
                    },
                    "404": {
                        "description": "Client not found",
                        "content": {
                            "application/json": {
                                "schema": {
                                    "type": "object",
                                    "properties": {
                                        "data": {
                                            "type": "object"
                                        },
                                        "errors": {
                                            "type": "object",
                                            "properties": {
                                                "message": {
                                                    "type": "string"
                                                }
                                            }
                                        }
                                    }
                                }
                            }
                        }
                    },
                    "500": {
                        "description": "Internal server error",
                        "content": {
                            "application/json": {
                                "schema": {
                                    "type": "object",
                                    "properties": {
                                        "errors": {
                                            "type": "object",
                                            "properties": {
                                                "message": {
                                                    "type": "string"
                                                }
                                            }
                                        }
                                    }
                                }
                            }
                        }
                    }
                }
            },
            "put": {
                "description": "Update a client by id",
                "parameters": [
                    {
                        "name": "Authorization",
                        "in": "header",
                        "schema": {
                            "type": "string"
                        }
                    },
                    {
                        "name": "id",
                        "in": "path",
                        "required": true,
                        "schema": {
                            "type": "integer"
                        }
                    }
                ],
                "requestBody": {
                    "description": "Update a client by id",
                    "content": {
                        "application/json": {
                            "schema": {
                                "type": "object",
                                "properties": {
                                    "name": {
                                        "type": "string"
                                    },
                                    "email": {
                                        "type": "string"
                                    },
                                    "phone": {
                                        "type": "string"
                                    }
                                }
                            }
                        }
                    }
                },
                "responses": {
                    "200": {
                        "description": "Successfully updated a client by id",
                        "content": {
                            "application/json": {
                                "schema": {
                                    "type": "object",
                                    "properties": {
                                        "data": {
                                            "type": "object",
                                            "properties": {
                                                "id": {
                                                    "type": "integer"
                                                },
                                                "name": {
                                                    "type": "string"
                                                },
                                                "email": {
                                                    "type": "string"
                                                },
                                                "phone": {
                                                    "type": "string"
                                                }
                                            }
                                        },
                                        "errors": {
                                            "type": "object"
                                        }
                                    }
                                }
                            }
                        }
                    }
                }
            },
            "delete": {
                "description": "Delete a client by id",
                "parameters": [
                    {
                        "name": "Authorization",
                        "in": "header",
                        "schema": {
                            "type": "string"
                        }
                    },
                    {
                        "name": "id",
                        "in": "path",
                        "required": true,
                        "schema": {
                            "type": "integer"
                        }
                    }
                ],
                "responses": {
                    "200": {
                        "description": "Successfully deleted a client by id",
                        "content": {
                            "application/json": {
                                "schema": {
                                    "type": "object",
                                    "properties": {
                                        "data": {
                                            "type": "object",
                                            "properties": {
                                                "message": {
                                                    "type": "string"
                                                }
                                            }
                                        },
                                        "errors": {
                                            "type": "object"
                                        }
                                    }
                                }
                            }
                        }
                    },
                    "404": {
                        "description": "Client not found",
                        "content": {
                            "application/json": {
                                "schema": {
                                    "type": "object",
                                    "properties": {
                                        "data": {
                                            "type": "object"
                                        },
                                        "errors": {
                                            "type": "object",
                                            "properties": {
                                                "message": {
                                                    "type": "string"
                                                }
                                            }
                                        }
                                    }
                                }
                            }
                        }
                    },
                    "500": {
                        "description": "Internal server error",
                        "content": {
                            "application/json": {
                                "schema": {
                                    "type": "object",
                                    "properties": {
                                        "errors": {
                                            "type": "object",
                                            "properties": {
                                                "message": {
                                                    "type": "string"
                                                }
                                            }
                                        }
                                    }
                                }
                            }
                        }
                    }
                }
            }
        }
    }
}
