{
    "openapi": "3.0.2",
    "info": {
        "title": "Project API",
        "description": "API for Project management",
        "version": "1.0.0"
    },
    "servers": [
        {
            "url": "http://localhost:8000"
        }
    ],
    "paths": {
        "/api/v1/clients/{idClient}/projects": {
            "post": {
                "description": "Create a new project",
                "parameters": [
                    {
                        "name": "Authorization",
                        "in": "header",
                        "schema": {
                            "type": "string"
                        }
                    },
                    {
                        "name": "idClient",
                        "in": "path",
                        "required": true,
                        "schema": {
                            "type": "integer"
                        }
                    }
                ],
                "requestBody": {
                    "description": "Create a new project",
                    "content": {
                        "application/json": {
                            "schema": {
                                "type": "object",
                                "properties": {
                                    "data": {
                                        "type": "object",
                                        "required": [
                                            "title",
                                            "description",
                                            "platform",
                                            "status",
                                            "startDate",
                                            "endDate"
                                        ],
                                        "properties": {
                                            "title": {
                                                "type": "string"
                                            },
                                            "description": {
                                                "type": "string"
                                            },
                                            "platform": {
                                                "type": "string"
                                            },
                                            "status": {
                                                "type": "string"
                                            },
                                            "startDate": {
                                                "type": "string"
                                            },
                                            "endDate": {
                                                "type": "string"
                                            }
                                        }
                                    },
                                    "errors": {
                                        "type": "object"
                                    }
                                }
                            }
                        }
                    }
                },
                "responses": {
                    "201": {
                        "description": "Successfully created a new project",
                        "content": {
                            "application/json": {
                                "schema": {
                                    "type": "object",
                                    "properties": {
                                        "data": {
                                            "type": "object",
                                            "properties": {
                                                "id": {
                                                    "type": "integer"
                                                },
                                                "title": {
                                                    "type": "string"
                                                },
                                                "description": {
                                                    "type": "string"
                                                },
                                                "platform": {
                                                    "type": "string"
                                                },
                                                "status": {
                                                    "type": "string"
                                                },
                                                "startDate": {
                                                    "type": "string"
                                                },
                                                "endDate": {
                                                    "type": "string"
                                                }
                                            }
                                        },
                                        "errors": {
                                            "type": "object"
                                        }
                                    }
                                }
                            }
                        }
                    },
                    "404": {
                        "description": "Client not found",
                        "content": {
                            "application/json": {
                                "schema": {
                                    "type": "object",
                                    "properties": {
                                        "errors": {
                                            "type": "object",
                                            "properties": {
                                                "message": {
                                                    "type": "string"
                                                }
                                            }
                                        }
                                    }
                                }
                            }
                        }
                    },
                    "500": {
                        "description": "Internal server error",
                        "content": {
                            "application/json": {
                                "schema": {
                                    "type": "object",
                                    "properties": {
                                        "errors": {
                                            "type": "object",
                                            "properties": {
                                                "message": {
                                                    "type": "string"
                                                }
                                            }
                                        }
                                    }
                                }
                            }
                        }
                    }
                }
            },
            "get": {
                "description": "Get all projects",
                "parameters": [
                    {
                        "name": "Authorization",
                        "in": "header",
                        "schema": {
                            "type": "string"
                        }
                    },
                    {
                        "name": "idClient",
                        "in": "path",
                        "required": true,
                        "schema": {
                            "type": "integer"
                        }
                    }
                ],
                "responses": {
                    "200": {
                        "description": "Successfully retrieved all projects",
                        "content": {
                            "application/json": {
                                "schema": {
                                    "type": "object",
                                    "properties": {
                                        "data": {
                                            "type": "array",
                                            "items": {
                                                "type": "object",
                                                "properties": {
                                                    "id": {
                                                        "type": "integer"
                                                    },
                                                    "title": {
                                                        "type": "string"
                                                    },
                                                    "description": {
                                                        "type": "string"
                                                    },
                                                    "platform": {
                                                        "type": "string"
                                                    },
                                                    "status": {
                                                        "type": "string"
                                                    },
                                                    "startDate": {
                                                        "type": "string"
                                                    },
                                                    "endDate": {
                                                        "type": "string"
                                                    }
                                                }
                                            }
                                        },
                                        "errors": {
                                            "type": "object"
                                        }
                                    }
                                }
                            }
                        }
                    },
                    "404": {
                        "description": "Client not found",
                        "content": {
                            "application/json": {
                                "schema": {
                                    "type": "object",
                                    "properties": {
                                        "errors": {
                                            "type": "object",
                                            "properties": {
                                                "message": {
                                                    "type": "string"
                                                }
                                            }
                                        }
                                    }
                                }
                            }
                        }
                    },
                    "500": {
                        "description": "Internal server error",
                        "content": {
                            "application/json": {
                                "schema": {
                                    "type": "object",
                                    "properties": {
                                        "errors": {
                                            "type": "object",
                                            "properties": {
                                                "message": {
                                                    "type": "string"
                                                }
                                            }
                                        }
                                    }
                                }
                            }
                        }
                    }
                }
            }
        },
        "/api/v1/clients/{idClient}/projects/{idProject}": {
            "get": {
                "description": "Get a project by id",
                "parameters": [
                    {
                        "name": "Authorization",
                        "in": "header",
                        "schema": {
                            "type": "string"
                        }
                    },
                    {
                        "name": "idClient",
                        "in": "path",
                        "required": true,
                        "schema": {
                            "type": "integer"
                        }
                    },
                    {
                        "name": "idProject",
                        "in": "path",
                        "required": true,
                        "schema": {
                            "type": "integer"
                        }
                    }
                ],
                "responses": {
                    "200": {
                        "description": "Successfully retrieved a project",
                        "content": {
                            "application/json": {
                                "schema": {
                                    "type": "object",
                                    "properties": {
                                        "data": {
                                            "type": "object",
                                            "properties": {
                                                "id": {
                                                    "type": "integer"
                                                },
                                                "title": {
                                                    "type": "string"
                                                },
                                                "description": {
                                                    "type": "string"
                                                },
                                                "platform": {
                                                    "type": "string"
                                                },
                                                "status": {
                                                    "type": "string"
                                                },
                                                "startDate": {
                                                    "type": "string"
                                                },
                                                "endDate": {
                                                    "type": "string"
                                                }
                                            }
                                        },
                                        "errors": {
                                            "type": "object"
                                        }
                                    }
                                }
                            }
                        }
                    },
                    "404": {
                        "description": "Project or client not found",
                        "content": {
                            "application/json": {
                                "schema": {
                                    "type": "object",
                                    "properties": {
                                        "errors": {
                                            "type": "object",
                                            "properties": {
                                                "message": {
                                                    "type": "string"
                                                }
                                            }
                                        }
                                    }
                                }
                            }
                        }
                    },
                    "500": {
                        "description": "Internal server error",
                        "content": {
                            "application/json": {
                                "schema": {
                                    "type": "object",
                                    "properties": {
                                        "errors": {
                                            "type": "object",
                                            "properties": {
                                                "message": {
                                                    "type": "string"
                                                }
                                            }
                                        }
                                    }
                                }
                            }
                        }
                    }
                }
            },
            "put": {
                "description": "Update a project by id",
                "parameters": [
                    {
                        "name": "Authorization",
                        "in": "header",
                        "schema": {
                            "type": "string"
                        }
                    },
                    {
                        "name": "idClient",
                        "in": "path",
                        "required": true,
                        "schema": {
                            "type": "integer"
                        }
                    },
                    {
                        "name": "idProject",
                        "in": "path",
                        "required": true,
                        "schema": {
                            "type": "integer"
                        }
                    }
                ],
                "requestBody": {
                    "description": "Update a project by id",
                    "content": {
                        "application/json": {
                            "schema": {
                                "type": "object",
                                "properties": {
                                    "data": {
                                        "type": "object",
                                        "properties": {
                                            "title": {
                                                "type": "string"
                                            },
                                            "description": {
                                                "type": "string"
                                            },
                                            "platform": {
                                                "type": "string"
                                            },
                                            "status": {
                                                "type": "string"
                                            },
                                            "startDate": {
                                                "type": "string"
                                            },
                                            "endDate": {
                                                "type": "string"
                                            }
                                        }
                                    },
                                    "errors": {
                                        "type": "object"
                                    }
                                }
                            }
                        }
                    }
                },
                "responses": {
                    "200": {
                        "description": "Successfully updated a project",
                        "content": {
                            "application/json": {
                                "schema": {
                                    "type": "object",
                                    "properties": {
                                        "data": {
                                            "type": "object",
                                            "properties": {
                                                "id": {
                                                    "type": "integer"
                                                },
                                                "title": {
                                                    "type": "string"
                                                },
                                                "description": {
                                                    "type": "string"
                                                },
                                                "platform": {
                                                    "type": "string"
                                                },
                                                "status": {
                                                    "type": "string"
                                                },
                                                "startDate": {
                                                    "type": "string"
                                                },
                                                "endDate": {
                                                    "type": "string"
                                                }
                                            }
                                        },
                                        "errors": {
                                            "type": "object"
                                        }
                                    }
                                }
                            }
                        }
                    },
                    "404": {
                        "description": "Project or client not found",
                        "content": {
                            "application/json": {
                                "schema": {
                                    "type": "object",
                                    "properties": {
                                        "errors": {
                                            "type": "object",
                                            "properties": {
                                                "message": {
                                                    "type": "string"
                                                }
                                            }
                                        }
                                    }
                                }
                            }
                        }
                    },
                    "500": {
                        "description": "Internal server error",
                        "content": {
                            "application/json": {
                                "schema": {
                                    "type": "object",
                                    "properties": {
                                        "errors": {
                                            "type": "object",
                                            "properties": {
                                                "message": {
                                                    "type": "string"
                                                }
                                            }
                                        }
                                    }
                                }
                            }
                        }
                    }
                }
            },
            "delete": {
                "description": "Delete a project by id",
                "parameters": [
                    {
                        "name": "Authorization",
                        "in": "header",
                        "schema": {
                            "type": "string"
                        }
                    },
                    {
                        "name": "idClient",
                        "in": "path",
                        "required": true,
                        "schema": {
                            "type": "integer"
                        }
                    },
                    {
                        "name": "idProject",
                        "in": "path",
                        "required": true,
                        "schema": {
                            "type": "integer"
                        }
                    }
                ],
                "responses": {
                    "200": {
                        "description": "Successfully deleted a project by id",
                        "content": {
                            "application/json": {
                                "schema": {
                                    "type": "object",
                                    "properties": {
                                        "data": {
                                            "type": "object",
                                            "properties": {
                                                "message": {
                                                    "type": "string"
                                                }
                                            }
                                        },
                                        "errors": {
                                            "type": "object"
                                        }
                                    }
                                }
                            }
                        }
                    },
                    "404": {
                        "description": "Project or client not found",
                        "content": {
                            "application/json": {
                                "schema": {
                                    "type": "object",
                                    "properties": {
                                        "errors": {
                                            "type": "object",
                                            "properties": {
                                                "message": {
                                                    "type": "string"
                                                }
                                            }
                                        }
                                    }
                                }
                            }
                        }
                    },
                    "500": {
                        "description": "Internal server error",
                        "content": {
                            "application/json": {
                                "schema": {
                                    "type": "object",
                                    "properties": {
                                        "errors": {
                                            "type": "object",
                                            "properties": {
                                                "message": {
                                                    "type": "string"
                                                }
                                            }
                                        }
                                    }
                                }
                            }
                        }
                    }
                }
            }
        }
    }
}
